{"agro_industria_e_comercio":3.4355555556,"alimentos":3.9558910492,"alimentos_bebidas":4.2713675214,"artes":3.9760601915,"artes_e_artesanato":3.8055555556,"artigos_de_festas":3.9321428571,"artigos_de_natal":3.8801587302,"audio":3.6585666186,"automotivo":3.7326589646,"bebes":3.5946715137,"bebidas":3.3135649062,"beleza_saude":3.8398687929,"brinquedos":3.8860400594,"cama_mesa_banho":3.4533366772,"casa_conforto":3.5597560976,"casa_conforto_2":4.5227272727,"casa_construcao":3.2681556829,"cds_dvds_musicais":4.4,"cine_foto":3.2638888889,"climatizacao":3.6033333333,"consoles_games":3.8014885453,"construcao_ferramentas_construcao":3.6820827321,"construcao_ferramentas_ferramentas":3.8375,"construcao_ferramentas_iluminacao":3.3871539075,"construcao_ferramentas_jardim":3.8248611111,"construcao_ferramentas_seguranca":3.3898550725,"cool_stuff":3.9085624256,"dvds_blu_ray":3.8823529412,"eletrodomesticos":3.8827647823,"eletrodomesticos_2":3.567251462,"eletronicos":3.7521755038,"eletroportateis":3.8497610029,"esporte_lazer":3.784694732,"fashion_bolsas_e_acessorios":3.9029978636,"fashion_calcados":4.0913398693,"fashion_esporte":4.2,"fashion_roupa_feminina":3.5526315789,"fashion_roupa_infanto_juvenil":5.0,"fashion_roupa_masculina":3.2654545455,"fashion_underwear_e_moda_praia":3.7600574713,"ferramentas_jardim":3.8984571536,"flores":3.5476190476,"fraldas_higiene":2.3333333333,"industria_comercio_e_negocios":3.7531276215,"informatica_acessorios":3.4931060026,"instrumentos_musicais":3.8149018379,"la_cuisine":3.4,"livros_importados":3.303030303,"livros_interesse_geral":4.2743464052,"livros_tecnicos":4.3216783217,"malas_acessorios":4.144960942,"market_place":3.6953627181,"moveis_colchao_e_estofado":3.126984127,"moveis_cozinha_area_de_servico_jantar_e_jardim":3.3323260073,"moveis_decoracao":3.4585112713,"moveis_escritorio":3.2370636448,"moveis_quarto":3.8833333333,"moveis_sala":3.4748471226,"musica":3.8205128205,"papelaria":3.9133497922,"pc_gamer":1.0,"pcs":4.1389675981,"perfumaria":3.8467848469,"pet_shop":3.8341513727,"portateis_casa_forno_e_cafe":4.1929824561,"portateis_cozinha_e_preparadores_de_alimentos":3.4285714286,"relogios_presentes":3.9465592571,"seguros_e_servicos":2.5,"sinalizacao_e_seguranca":3.7039215686,"tablets_impressao_imagem":3.8857142857,"telefonia":3.6096858378,"telefonia_fixa":3.3248587571,"utilidades_domesticas":3.7201514573}