{"AC":{"min":26.1740972779,"max":142.8539546496,"avg":96.4342171211},"AL":{"min":0.1891982631,"max":192.0811076191,"avg":100.115966861},"AM":{"min":17.2277765106,"max":142.782320705,"avg":102.4363363525},"AP":{"min":28.7135239721,"max":1798.2784430356,"avg":213.7627002497},"BA":{"min":0.5191411175,"max":965.7415151147,"avg":99.4041837135},"CE":{"min":0.8588407,"max":175.639179003,"avg":95.3309309957},"DF":{"min":0.4959346944,"max":189.1417496014,"avg":101.1850542001},"ES":{"min":0.5191411175,"max":753.1868563142,"avg":102.655617786},"GO":{"min":0.9489114215,"max":441.1966035368,"avg":101.1667299062},"MA":{"min":0.3711635247,"max":1059.4295885779,"avg":98.7444459872},"MG":{"min":0.3687452639,"max":4979.5409835899,"avg":101.9957994631},"MS":{"min":9.3644321331,"max":185.2063536352,"avg":106.6723466585},"MT":{"min":0.1601477044,"max":159.1511879096,"avg":100.5089857247},"PA":{"min":1.1343397777,"max":3872.1282387314,"avg":107.4314006153},"PB":{"min":2.5416012916,"max":174.3953754337,"avg":101.7538857991},"PE":{"min":0.6873063765,"max":165.0409876348,"avg":98.030013321},"PI":{"min":0.5191411175,"max":183.4566214043,"avg":100.2568887571},"PR":{"min":0.3711635247,"max":246.0656990118,"avg":102.1505611015},"RJ":{"min":0.3687452639,"max":350.7817153206,"avg":95.4941977265},"RN":{"min":5.733432353,"max":161.4395460468,"avg":96.3510762641},"RO":{"min":4.9935197396,"max":157.0212765957,"avg":95.0979484373},"RR":{"min":39.8195922427,"max":1039.9296428872,"avg":175.7723229722},"RS":{"min":0.7845433252,"max":202.5765220999,"avg":100.1655979666},"SC":{"min":0.9489114215,"max":211.8600299273,"avg":100.7116730576},"SE":{"min":0.5302416921,"max":7816.324268156,"avg":160.0240662616},"SP":{"min":0.049041198,"max":5311.9660353683,"avg":101.9974864128},"TO":{"min":0.6059004254,"max":167.0718456006,"avg":99.7413170336}}